Workbook

Sheet Planilha1
A1: Nome do vendedor 1 | B1: (Tudo)
A2: Categoria | B2: (Tudo)
A3: Loja | B3: (Tudo)
A5: Rótulos de Linha | B5: Soma de Quantidade Faturada | C5: Soma de Total Vendas
A6: INOC. NODUSOJA BIOLYC L - 3 LT 7,5X10E9 UFC/ML | B6: 2208 | C6: 65809.44
A7: INOC. NODUSOJA ELKANI - 3 LT | B7: 2424 | C7: 90510
A8: INOC. NODUSOJA L - 3 LT 6X10E9 UFC/ML | B8: 1740 | C8: 40891.212
A9: INOC. NODUSOJA NODUBEANS L FEIJAO 3 LT | B9: 24 | C9: 1296
A10: INOC. NODUSOJA REND+ 3 LT | B10: 3132 | C10: 67839.12
A11: INOC. NODUSOJA TURFOSO - 0,8 GR 6X10E9 UFC/G | B11: 979.2 | C11: 24732
A12: INOCULANTE LALFIX NITRO - 3 LT 1X10E10 UFC/ML | B12: 9108 | C12: 360562.06
A13: INOCULANTE NITROSPHERA AMENDOIM - 1,5 LT | B13: 288 | C13: 14400
A14: INOCULANTE STARFIX SOJA - 3 LT 1X10E10 UFC/ML | B14: 53307 | C14: 1960199.2
A15: Total Geral | B15: 73210.2 | C15: 2626239

Sheet Carlos Alves
A1: Nome do vendedor 1 | B1: CARLOS WILSON FERREIRA ALVES
A2: Categoria | B2: Lallemand
A3: Loja | B3: Sinop
A5: Rótulos de Linha | B5: Soma de Quantidade Faturada | C5: Soma de Total Vendas
A6: AGENOR VICENTE PELISSA | B6: 1782 | C6: 308850
A7: CRYSTAL - 1 LT | B7: 450 | C7: 15750
A8: LALSTOP ORGANIC WP - 1 KG | B8: 852 | C8: 149100
A9: ONIX OG - 1 LT | B9: 240 | C9: 72000
A10: RIZOS OG - 1 LT | B10: 240 | C10: 72000
A11: ALERI LUIZ CANAN | B11: 304 | C11: 42036
A12: LALRISE AZOS - AZ39 3L | B12: 114 | C12: 5130
A13: LALSTOP ORGANIC WP - 1 KG | B13: 184 | C13: 34776
A14: ONIX OG - 1 LT | B14: 3 | C14: 1065
A15: RIZOS OG - 1 LT | B15: 3 | C15: 1065
A16: ANDREI DIETRICH | B16: 835 | C16: 80292
A17: CRYSTAL - 1 LT | B17: 300 | C17: 15000
... A164: Total Geral | B164: 22214 | C164: 3078121.8
A166: Rótulos de Linha | B166: Soma de Quantidade Faturada
A167: CRYSTAL - 1 LT | B167: 3915
A168: CRYSTAL - 5 LT | B168: 880
A169: INOCULANTE STARFIX SOJA - 3 LT 1X10E10 UFC/ML | B169: 4347
A170: LALGUARD C99 WP (BR) - 1 KG | B170: 213
A171: LALNIX RESIST - 1 KG | B171: 474
A172: LALRISE AZOS - AZ39 3L | B172: 3024
A173: LALSTOP ORGANIC WP - 1 KG | B173: 5156
A174: ONIX OG - 1 LT | B174: 2388
A175: QUALITY WG - 1 KG | B175: 332
A176: RIZOS OG - 1 LT | B176: 1485
A177: Total Geral | B177: 22214
A179: Rótulos de Linha | B179: Soma de Quantidade Faturada | C179: Soma de Total Vendas
A180: AGENOR VICENTE PELISSA | B180: 160 | C180: 156000
A181: VERDIVO ELYSIAN 1 LT | B181: 160 | C181: 156000
A182: ALERI LUIZ CANAN | B182: 16 | C182: 2960
A183: VERDIVO OFF ESPUMA 1 LT | B183: 16 | C183: 2960
A184: ANGELA MARIA BEAL | B184: 115 | C184: 21850
A185: VERDIVO STAND 5 LT | B185: 115 | C185: 21850
A186: ARIOLANDO BORGES DE RESENDE E OUTROS | B186: 100 | C186: 1200
A187: ZOM OLEO MINERAL 20 LT | B187: 100 | C187: 1200
A188: ELIO SAUER | B188: 600 | C188: 12900
A189: VERDIVO PRODUTIVO MZ 10 KG | B189: 600 | C189: 12900
A190: ELVIO FERNANDO PELISSA | B190: 330 | C190: 87650
A191: VERDIVO ELYSIAN 1 LT | B191: 40 | C191: 34000
... A230: Total Geral | B230: 8570 | C230: 583192
A232: Rótulos de Linha | B232: Soma de Quantidade Faturada
A233: VERDIVO ATTACK SPRAY 5 LT | B233: 140
A234: VERDIVO BORO10 - 20L | B234: 1200
A235: VERDIVO DROP GUARD 1L | B235: 5
A236: VERDIVO ELYSIAN 1 LT | B236: 210
A237: VERDIVO EXACT 5 LT | B237: 1105
A238: VERDIVO FIX COMONI 20 LT | B238: 80
A239: VERDIVO MAGLEAF 20 LT | B239: 640
A240: VERDIVO NITROVERD IBC 1.000 LT | B240: 1000
A241: VERDIVO OFF ESPUMA 1 LT | B241: 45
A242: VERDIVO POTENZA K 10 KG | B242: 150
A243: VERDIVO PRODUTIVO - 10 KG | B243: 640
A244: VERDIVO PRODUTIVO MZ 10 KG | B244: 1640
... A248: Total Geral | B248: 8570

Sheet Planilha5
A1: CLIENTE | B1: PRODUTO | C1: VOLUME
A2: AGENOR VICENTE PELISSA | B2: CRYSTAL - 1 LT | C2: =VLOOKUP(Planilha5!B2,'Carteira Pedidos de Venda - 202'!I:Q,10,TRUE) -> #N/A
A3: AGENOR VICENTE PELISSA | B3: CRYSTAL - 5 LT | C3: =VLOOKUP(Planilha5!B3,'Carteira Pedidos de Venda - 202'!I:Q,10,TRUE) -> #N/A
A4: AGENOR VICENTE PELISSA | B4: INOCULANTE LALFIX NITRO - 3 LT 1X10E10 UFC/ML | C4: =VLOOKUP(Planilha5!B4,'Carteira Pedidos de Venda - 202'!I:Q,10,TRUE) -> #REF!
A5: AGENOR VICENTE PELISSA | B5: INOCULANTE STARFIX SOJA - 3 LT 1X10E10 UFC/ML | C5: =VLOOKUP(Planilha5!B5,'Carteira Pedidos de Venda - 202'!I:Q,10,TRUE) -> #REF!
A6: AGENOR VICENTE PELISSA | B6: LALGUARD C99 WP (BR) - 1 KG | C6: =VLOOKUP(Planilha5!B6,'Carteira Pedidos de Venda - 202'!I:Q,10,TRUE) -> #REF!
A7: AGENOR VICENTE PELISSA | B7: LALNIX RESIST - 1 KG | C7: =VLOOKUP(Planilha5!B7,'Carteira Pedidos de Venda - 202'!I:Q,10,TRUE) -> #REF!
A8: AGENOR VICENTE PELISSA | B8: LALRISE AZOS - AZ39 3L | C8: =VLOOKUP(Planilha5!B8,'Carteira Pedidos de Venda - 202'!I:Q,10,TRUE) -> #REF!
A9: AGENOR VICENTE PELISSA | B9: LALSTIM NUTRI 20LT | C9: =VLOOKUP(Planilha5!B9,'Carteira Pedidos de Venda - 202'!I:Q,10,TRUE) -> #REF!
A10: AGENOR VICENTE PELISSA | B10: LALSTOP ORGANIC WP - 1 KG | C10: =VLOOKUP(Planilha5!B10,'Carteira Pedidos de Venda - 202'!I:Q,10,TRUE) -> #REF!
A11: AGENOR VICENTE PELISSA | B11: ONIX OG - 1 LT | C11: =VLOOKUP(Planilha5!B11,'Carteira Pedidos de Venda - 202'!I:Q,10,TRUE) -> #REF!
A12: AGENOR VICENTE PELISSA | B12: QUALITY WG - 1 KG | C12: =VLOOKUP(Planilha5!B12,'Carteira Pedidos de Venda - 202'!I:Q,10,TRUE) -> #REF!
A13: AGENOR VICENTE PELISSA | B13: RIZOS OG - 1 LT | C13: =VLOOKUP(Planilha5!B13,'Carteira Pedidos de Venda - 202'!I:Q,10,TRUE) -> #REF!
... A21: AGENOR VICENTE PELISSA | B21: VERDIVO DROP GUARD 1L | C21: =VLOOKUP(Planilha5!B21,'Carteira Pedidos de Venda - 202'!I:Q,10,TRUE) -> #REF!
B22: VERDIVO DROP GUARD 5L | C22: =VLOOKUP(Planilha5!B22,'Carteira Pedidos de Venda - 202'!I:Q,10,TRUE) -> #REF!
B23: VERDIVO ELYSIAN 1 LT | C23: =VLOOKUP(Planilha5!B23,'Carteira Pedidos de Venda - 202'!I:Q,10,TRUE) -> #REF!
B24: VERDIVO ELYVER 10 LT
B25: VERDIVO EXACT 1 LT
B26: VERDIVO EXACT 5 LT
B27: VERDIVO FIX COMONI 20 LT
B28: VERDIVO MAGLEAF 20 LT
B29: VERDIVO MN ACTION 20 LT
B30: VERDIVO MN EDTA 10 KG
B31: VERDIVO NITRATO DE K 25KG
B32: VERDIVO NITROVERD IBC 1.000 LT
B33: VERDIVO OFF ESPUMA 1 LT
B34: VERDIVO PHOTOMIX 10KG
B35: VERDIVO POTENZA K 10 KG
... B40: VERDIVO VERDMAX 20L

Sheet Meta Lallemand Sinop 
A1: Rótulos de Linha | B1: Soma de Quantidade Faturada | C1: 26/27 | D1: %
A2: CRYSTAL - 1 LT | B2: 3915 | C2: 4500 | D2: =(1-(B2/C2))*100 -> 13
A3: CRYSTAL - 5 LT | B3: 880 | D3: =(1-(B3/C3))*100 -> #DIV/0!
A4: INOCULANTE LALFIX NITRO - 3 LT 1X10E10 UFC/ML | B4: 3894 | C4: 3000 | D4: =(1-(B4/C4))*100 -> -29.8
A5: INOCULANTE STARFIX SOJA - 3 LT 1X10E10 UFC/ML | B5: 10941 | C5: 16503 | D5: =(1-(B5/C5))*100 -> 33.702963
A6: LALGUARD C99 WP (BR) - 1 KG | B6: 1313 | C6: 5200 | D6: =(1-(B6/C6))*100 -> 74.75
A7: LALNIX RESIST - 1 KG | B7: 774 | C7: 1000 | D7: =(1-(B7/C7))*100 -> 22.6
A8: LALRISE AZOS - AZ39 3L | B8: 10569 | C8: 12060 | D8: =(1-(B8/C8))*100 -> 12.363184
A9: LALSTIM NUTRI 20LT | B9: 4000 | C9: 10000 | D9: =(1-(B9/C9))*100 -> 60
A10: LALSTOP ORGANIC WP - 1 KG | B10: 6811 | C10: 4300 | D10: =(1-(B10/C10))*100 -> -58.395349
A11: ONIX OG - 1 LT | B11: 5575 | C11: 4100 | D11: =(1-(B11/C11))*100 -> -35.97561
A12: QUALITY WG - 1 KG | B12: 2595 | C12: 2300 | D12: =(1-(B12/C12))*100 -> -12.826087
A13: RIZOS OG - 1 LT | B13: 4761 | C13: 3100 | D13: =(1-(B13/C13))*100 -> -53.580645
A14: Total Geral | B14: 56028

Sheet Planilha3
A1: Rótulos de Linha | B1: Soma de Quantidade Faturada | C1: 26/27 | D1: %
A2: BIOPROTECTOR - 3L | B2: 1551
A3: CRYSTAL - 1 LT | B3: 1420 | C3: 8500 | D3: =(1-(B3/C3))*100 -> 83.294118
A4: CRYSTAL - 5 LT | B4: 75
A5: INOCULANTE LALFIX NITRO - 3 LT 1X10E10 UFC/ML | B5: 5214 | C5: 6000 | D5: =(1-(B5/C5))*100 -> 13.1
A6: INOCULANTE STARFIX SOJA - 3 LT 1X10E10 UFC/ML | B6: 42366 | C6: 320001 | D6: =(1-(B6/C6))*100 -> 86.760666
A7: LALGUARD C99 WP (BR) - 1 KG | B7: 8660 | C7: 11700 | D7: =(1-(B7/C7))*100 -> 25.982906
A8: LALNIX RESIST - 1 KG | B8: 1192 | C8: 1800 | D8: =(1-(B8/C8))*100 -> 33.777778
A9: LALRISE AZOS - AZ39 3L | B9: 28680 | C9: 33198 | D9: =(1-(B9/C9))*100 -> 13.609254
A10: LALSTIM NUTRI 20LT | B10: 22680 | C10: 40000 | D10: =(1-(B10/C10))*100 -> 43.3
A11: LALSTOP ORGANIC WP - 1 KG | B11: 13045 | C11: 10800 | D11: =(1-(B11/C11))*100 -> -20.787037
A12: ONIX OG - 1 LT | B12: 11880 | C12: 8100 | D12: =(1-(B12/C12))*100 -> -46.666667
A13: ONIX OG - 5 LT | B13: 80
A14: QUALITY WG - 1 KG | B14: 10623 | C14: 6200 | D14: =(1-(B14/C14))*100 -> -71.33871
A15: RIZOS OG - 1 LT | B15: 10772 | C15: 6300 | D15: =(1-(B15/C15))*100 -> -70.984127
A16: RIZOS OG - 5 LT | B16: 80
A17: Total Geral | B17: 158318

Sheet Carteira Pedidos de Venda - 202
A1: Data da inserção | B1: Código do pedido de venda | C1: Razão social | D1: Réplica da data de emissão do pedido | E1: Data do vencimento do pedido | F1: Nome do vendedor 1 | G1: Loja | H1: Código do CFO | I1: Descrição do produto/serviço | J1: Categoria | K1: Unidade de medida | L1: Valor líquido do item (feito os rateios dos valores do fechamento do pedido) | M1: Número do pedido de origem | N1: Descrição Ciclo | O1: Quantidade pedida | P1: Quantidade entrada | Q1: Quantidade Faturada | R1: Total Vendas | S1: Vencimento da parcela | T1: MUNIPRO | U1: CGC_TRA | V1: VLOR_IPE | W1: QPER_IPE
A2: 45880.352 | B2: 3973 | C2: AA AGRONEGOCIOS LTDA | D2: 45880 | E2: 46142 | F2: PEDRO FILIPE COELHO MAGALHAES | H2: 510200 | I2: VERDIVO MN ACTION 20 LT | J2: Verdivo | K2: LT | L2: 18 | M2: 5532 | N2: SAFRA 25/26 | O2: 700 | P2: 0 | Q2: 700 | R2: =Q2*L2 -> 12600 | T2: NOVA UBIRATA | U2: 42652916000176 | V2: 18 | W2: 0
A3: 45880.352 | B3: 3973 | C3: AA AGRONEGOCIOS LTDA | D3: 45880 | E3: 46142 | F3: PEDRO FILIPE COELHO MAGALHAES | H3: 510200 | I3: VERDIVO FIX COMONI 20 LT | J3: Verdivo | K3: LT | L3: 160 | M3: 5532 | N3: SAFRA 25/26 | O3: 140 | P3: 0 | Q3: 140 | R3: =Q3*L3 -> 22400 | T3: NOVA UBIRATA | U3: 42652916000176 | V3: 160 | W3: 0
A4: 45880.352 | B4: 3973 | C4: AA AGRONEGOCIOS LTDA | D4: 45880 | E4: 46142 | F4: PEDRO FILIPE COELHO MAGALHAES | H4: 510200 | I4: VERDIVO PRODUTIVO MZ 10 KG | J4: Verdivo | K4: KG | L4: 23.5 | M4: 5532 | N4: SAFRA 25/26 | O4: 1410 | P4: 0 | Q4: 1410 | R4: =Q4*L4 -> 33135 | T4: NOVA UBIRATA | U4: 42652916000176 | V4: 23.5 | W4: 0
A5: 45880.352 | B5: 3973 | C5: AA AGRONEGOCIOS LTDA | D5: 45880 | E5: 46142 | F5: PEDRO FILIPE COELHO MAGALHAES | H5: 510200 | I5: VERDIVO VERDMAX 20L | J5: Verdivo | K5: LT | L5: 25 | M5: 5532 | N5: SAFRA 25/26 | O5: 700 | P5: 0 | Q5: 700 | R5: =Q5*L5 -> 17500 | T5: NOVA UBIRATA | U5: 42652916000176 | V5: 25 | W5: 0
A6: 45880.352 | B6: 3973 | C6: AA AGRONEGOCIOS LTDA | D6: 45880 | E6: 46142 | F6: PEDRO FILIPE COELHO MAGALHAES | H6: 510200 | I6: VERDIVO BOROFORCE - 10 KG | J6: Verdivo | K6: KG | L6: 28 | M6: 5532 | N6: SAFRA 25/26 | O6: 1770 | P6: 0 | Q6: 1770 | R6: =Q6*L6 -> 49560 | T6: NOVA UBIRATA | U6: 42652916000176 | V6: 28 | W6: 0
A7: 45880.352 | B7: 3973 | C7: AA AGRONEGOCIOS LTDA | D7: 45880 | E7: 46142 | F7: PEDRO FILIPE COELHO MAGALHAES | H7: 510200 | I7: VERDIVO POTENZA K 10 KG | J7: Verdivo | K7: KG | L7: 25 | M7: 5532 | N7: SAFRA 25/26 | O7: 1060 | P7: 0 | Q7: 1060 | R7: =Q7*L7 -> 26500 | T7: NOVA UBIRATA | U7: 42652916000176 | V7: 25 | W7: 0
A8: 45880.352 | B8: 3973 | C8: AA AGRONEGOCIOS LTDA | D8: 45880 | E8: 46142 | F8: PEDRO FILIPE COELHO MAGALHAES | H8: 510200 | I8: VERDIVO EXACT 5 LT | J8: Verdivo | K8: LT | L8: 75 | M8: 5532 | N8: SAFRA 25/26 | O8: 140 | P8: 0 | Q8: 140 | R8: =Q8*L8 -> 10500 | T8: NOVA UBIRATA | U8: 42652916000176 | V8: 75 | W8: 0
A9: 45880.352 | B9: 3973 | C9: AA AGRONEGOCIOS LTDA | D9: 45880 | E9: 46142 | F9: PEDRO FILIPE COELHO MAGALHAES | H9: 510200 | I9: VERDIVO ATTACK SPRAY 5 LT | J9: Verdivo | K9: LT | L9: 75 | M9: 5532 | N9: SAFRA 25/26 | O9: 105 | P9: 0 | Q9: 105 | R9: =Q9*L9 -> 7875 | T9: NOVA UBIRATA | U9: 42652916000176 | V9: 75 | W9: 0
A10: 45880.352 | B10: 3973 | C10: AA AGRONEGOCIOS LTDA | D10: 45880 | E10: 46142 | F10: PEDRO FILIPE COELHO MAGALHAES | H10: 510200 | I10: VERDIVO COBRE EDTA 3 KG | J10: Verdivo | K10: KG | L10: 95 | M10: 5532 | N10: SAFRA 25/26 | O10: 72 | P10: 0 | Q10: 72 | R10: =Q10*L10 -> 6840 | T10: NOVA UBIRATA | U10: 42652916000176 | V10: 95 | W10: 0
A11: 45880.364 | B11: 3974 | C11: AA AGRONEGOCIOS LTDA | D11: 45880 | E11: 46142 | F11: PEDRO FILIPE COELHO MAGALHAES | G11: Sorriso | H11: 510200 | I11: LALRISE AZOS - AZ39 3L | J11: Lallemand | K11: LT | L11: 49.5 | M11: 5535 | N11: SAFRA 25/26 | O11: 72 | P11: 0 | Q11: 72 | R11: =Q11*L11 -> 3564 | T11: NOVA UBIRATA | U11: 42652916000176 | V11: 49.5 | W11: 0
A12: 45880.364 | B12: 3974 | C12: AA AGRONEGOCIOS LTDA | D12: 45880 | E12: 46142 | F12: PEDRO FILIPE COELHO MAGALHAES | G12: Sorriso | H12: 510200 | I12: RIZOS OG - 1 LT | J12: Lallemand | K12: LT | L12: 321 | M12: 5535 | N12: SAFRA 25/26 | O12: 35 | P12: 0 | Q12: 35 | R12: =Q12*L12 -> 11235 | T12: NOVA UBIRATA | U12: 42652916000176 | V12: 321 | W12: 0
A13: 45880.364 | B13: 3974 | C13: AA AGRONEGOCIOS LTDA | D13: 45880 | E13: 46142 | F13: PEDRO FILIPE COELHO MAGALHAES | G13: Sorriso | H13: 510200 | I13: ONIX OG - 1 LT | J13: Lallemand | K13: LT | L13: 311 | M13: 5535 | N13: SAFRA 25/26 | O13: 35 | P13: 0 | Q13: 35 | R13: =Q13*L13 -> 10885 | T13: NOVA UBIRATA | U13: 42652916000176 | V13: 311 | W13: 0
A14: 45880.364 | B14: 3974 | C14: AA AGRONEGOCIOS LTDA | D14: 45880 | E14: 46142 | F14: PEDRO FILIPE COELHO MAGALHAES | H14: 510200 | I14: VERDIVO STAND 5 LT | J14: Verdivo | K14: LT | L14: 220 | M14: 5535 | N14: SAFRA 25/26 | O14: 70 | P14: 0 | Q14: 70 | R14: =Q14*L14 -> 15400 | T14: NOVA UBIRATA | U14: 42652916000176 | V14: 220 | W14: 0
A15: 45880.364 | B15: 3974 | C15: AA AGRONEGOCIOS LTDA | D15: 45880 | E15: 46142 | F15: PEDRO FILIPE COELHO MAGALHAES | G15: Sorriso | H15: 510200 | I15: INOCULANTE STARFIX SOJA - 3 LT 1X10E10 UFC/ML | J15: Lallemand | K15: LT | L15: 50 | M15: 5535 | N15: SAFRA 25/26 | O15: 72 | P15: 0 | Q15: 72 | R15: =Q15*L15 -> 3600 | T15: NOVA UBIRATA | U15: 42652916000176 | V15: 50 | W15: 0
A16: 45880.364 | B16: 3974 | C16: AA AGRONEGOCIOS LTDA | D16: 45880 | E16: 46142 | F16: PEDRO FILIPE COELHO MAGALHAES | G16: Sorriso | H16: 510200 | I16: QUALITY WG - 1 KG | J16: Lallemand | K16: KG | L16: 385 | M16: 5535 | N16: SAFRA 25/26 | O16: 35 | P16: 0 | Q16: 35 | R16: =Q16*L16 -> 13475 | T16: NOVA UBIRATA | U16: 42652916000176 | V16: 385 | W16: 0
A17: 45880.374 | B17: 3975 | C17: AA AGRONEGOCIOS LTDA | D17: 45880 | E17: 46295 | F17: PEDRO FILIPE COELHO MAGALHAES | G17: Sorriso | H17: 510200 | I17: QUALITY WG - 1 KG | J17: Lallemand | K17: KG | L17: 385 | M17: 5534 | N17: SAFRINHA 2026 | O17: 28 | P17: 0 | Q17: 28 | R17: =Q17*L17 -> 10780 | T17: NOVA UBIRATA | U17: 42652916000176 | V17: 385 | W17: 0
A18: 45880.374 | B18: 3975 | C18: AA AGRONEGOCIOS LTDA | D18: 45880 | E18: 46295 | F18: PEDRO FILIPE COELHO MAGALHAES | H18: 510200 | I18: VERDIVO MN ACTION 20 LT | J18: Verdivo | K18: LT | L18: 18 | M18: 5534 | N18: SAFRINHA 2026 | O18: 700 | P18: 0 | Q18: 700 | R18: =Q18*L18 -> 12600 | T18: NOVA UBIRATA | U18: 42652916000176 | V18: 18 | W18: 0
A19: 45880.374 | B19: 3975 | C19: AA AGRONEGOCIOS LTDA | D19: 45880 | E19: 46295 | F19: PEDRO FILIPE COELHO MAGALHAES | G19: Sorriso | H19: 510200 | I19: RIZOS OG - 1 LT | J19: Lallemand | K19: LT | L19: 311 | M19: 5534 | N19: SAFRINHA 2026 | O19: 14 | P19: 0 | Q19: 14 | R19: =Q19*L19 -> 4354 | T19: NOVA UBIRATA | U19: 42652916000176 | V19: 311 | W19: 0
A20: 45880.374 | B20: 3975 | C20: AA AGRONEGOCIOS LTDA | D20: 45880 | E20: 46295 | F20: PEDRO FILIPE COELHO MAGALHAES | H20: 510200 | I20: VERDIVO VERDMAX 20L | J20: Verdivo | K20: LT | L20: 25 | M20: 5534 | N20: SAFRINHA 2026 | O20: 700 | P20: 0 | Q20: 700 | R20: =Q20*L20 -> 17500 | T20: NOVA UBIRATA | U20: 42652916000176 | V20: 25 | W20: 0
A21: 45880.374 | B21: 3975 | C21: AA AGRONEGOCIOS LTDA | D21: 45880 | E21: 46295 | F21: PEDRO FILIPE COELHO MAGALHAES | H21: 510200 | I21: VERDIVO PRODUTIVO MZ 10 KG | J21: Verdivo | K21: KG | L21: 23.5 | M21: 5534 | N21: SAFRINHA 2026 | O21: 1410 | P21: 0 | Q21: 1410 | R21: =Q21*L21 -> 33135 | T21: NOVA UBIRATA | U21: 42652916000176 | V21: 23.5 | W21: 0
A22: 45880.374 | B22: 3975 | C22: AA AGRONEGOCIOS LTDA | D22: 45880 | E22: 46295 | F22: PEDRO FILIPE COELHO MAGALHAES | H22: 510200 | I22: VERDIVO ATTACK SPRAY 5 LT | J22: Verdivo | K22: LT | L22: 75 | M22: 5534 | N22: SAFRINHA 2026 | O22: 60 | P22: 0 | Q22: 60 | R22: =Q22*L22 -> 4500 | T22: NOVA UBIRATA | U22: 42652916000176 | V22: 75 | W22: 0
A23: 45880.374 | B23: 3975 | C23: AA AGRONEGOCIOS LTDA | D23: 45880 | E23: 46295 | F23: PEDRO FILIPE COELHO MAGALHAES | G23: Sorriso | H23: 510200 | I23: ONIX OG - 1 LT | J23: Lallemand | K23: LT | L23: 321 | M23: 5534 | N23: SAFRINHA 2026 | O23: 14 | P23: 0 | Q23: 14 | R23: =Q23*L23 -> 4494 | T23: NOVA UBIRATA | U23: 42652916000176 | V23: 321 | W23: 0
A24: 45880.374 | B24: 3975 | C24: AA AGRONEGOCIOS LTDA | D24: 45880 | E24: 46295 | F24: PEDRO FILIPE COELHO MAGALHAES | G24: Sorriso | H24: 510200 | I24: LALRISE AZOS - AZ39 3L | J24: Lallemand | K24: LT | L24: 49.5 | M24: 5534 | N24: SAFRINHA 2026 | O24: 72 | P24: 0 | Q24: 72 | R24: =Q24*L24 -> 3564 | T24: NOVA UBIRATA | U24: 42652916000176 | V24: 49.5 | W24: 0
A25: 45880.374 | B25: 3975 | C25: AA AGRONEGOCIOS LTDA | D25: 45880 | E25: 46295 | F25: PEDRO FILIPE COELHO MAGALHAES | H25: 510200 | I25: VERDIVO STAND 5 LT | J25: Verdivo | K25: LT | L25: 220 | M25: 5534 | N25: SAFRINHA 2026 | O25: 70 | P25: 0 | Q25: 70 | R25: =Q25*L25 -> 15400 | T25: NOVA UBIRATA | U25: 42652916000176 | V25: 220 | W25: 0
A26: 45880.374 | B26: 3975 | C26: AA AGRONEGOCIOS LTDA | D26: 45880 | E26: 46295 | F26: PEDRO FILIPE COELHO MAGALHAES | H26: 510200 | I26: VERDIVO EXACT 5 LT | J26: Verdivo | K26: LT | L26: 75 | M26: 5534 | N26: SAFRINHA 2026 | O26: 140 | P26: 0 | Q26: 140 | R26: =Q26*L26 -> 10500 | T26: NOVA UBIRATA | U26: 42652916000176 | V26: 75 | W26: 0
A27: 45880.374 | B27: 3975 | C27: AA AGRONEGOCIOS LTDA | D27: 45880 | E27: 46295 | F27: PEDRO FILIPE COELHO MAGALHAES | H27: 510200 | I27: VERDIVO FIX COMONI 20 LT | J27: Verdivo | K27: LT | L27: 160 | M27: 5534 | N27: SAFRINHA 2026 | O27: 220 | P27: 0 | Q27: 220 | R27: =Q27*L27 -> 35200 | T27: NOVA UBIRATA | U27: 42652916000176 | V27: 160 | W27: 0
A28: 45972.573 | B28: 4257 | C28: AA AGRONEGOCIOS LTDA | D28: 45972 | E28: 46142 | F28: PEDRO FILIPE COELHO MAGALHAES | H28: 510200 | I28: VERDIVO VERDMAX 20L | J28: Verdivo | K28: LT | L28: 25 | M28: 5808 | N28: SAFRA 25/26 | O28: 100 | P28: 0 | Q28: 100 | R28: =Q28*L28 -> 2500 | T28: NOVA UBIRATA | U28: 42652916000176 | V28: 25 | W28: 0
A29: 45975.378 | B29: 4270 | C29: AA AGRONEGOCIOS LTDA | D29: 45975 | E29: 46142 | F29: PEDRO FILIPE COELHO MAGALHAES | H29: 510200 | I29: VERDIVO VERDMAX 20L | J29: Verdivo | K29: LT | L29: 25 | M29: 5814 | N29: SAFRA 25/26 | O29: 100 | P29: 0 | Q29: 100 | R29: =Q29*L29 -> 2500 | T29: NOVA UBIRATA | U29: 42652916000176 | V29: 25 | W29: 0
A30: 46043.711 | B30: 4480 | C30: AA AGRONEGOCIOS LTDA | D30: 46043 | E30: 46295 | F30: PEDRO FILIPE COELHO MAGALHAES | H30: 510200 | I30: VERDIVO BOROFORCE - 10 KG | J30: Verdivo | K30: KG | L30: 26.5 | M30: 6027 | N30: SAFRINHA 2026 | O30: 1800 | P30: 0 | Q30: 1800 | R30: =Q30*L30 -> 47700 | T30: NOVA UBIRATA | U30: 42652916000176 | V30: 26.5 | W30: 0
A31: 46076.41 | B31: 4600 | C31: AA AGRONEGOCIOS LTDA | D31: 46076 | E31: 46295 | F31: PEDRO FILIPE COELHO MAGALHAES | H31: 510200 | I31: VERDIVO STAND 5 LT | J31: Verdivo | K31: LT | L31: 220 | M31: 6098 | N31: SAFRINHA 2026 | O31: 5 | P31: 0 | Q31: 5 | R31: =Q31*L31 -> 1100 | T31: NOVA UBIRATA | U31: 42652916000176 | V31: 220 | W31: 0
A32: 45943.39 | B32: 343 | C32: ADELIR ANTONIO STRAPAZZON | D32: 45943 | E32: 46111 | F32: LUCAS NADAL ANGELI | H32: 510200 | I32: FORTGREEN INVICTUS 1 LT | K32: LT | L32: 165 | M32: 83 | N32: SAFRA 25/26 | O32: 10 | P32: 0 | Q32: 10 | R32: =Q32*L32 -> 1650 | T32: MARCELANDIA | U32: 78405963987 | V32: 165 | W32: 0
A33: 45943.39 | B33: 343 | C33: ADELIR ANTONIO STRAPAZZON | D33: 45943 | E33: 46111 | F33: LUCAS NADAL ANGELI | H33: 510200 | I33: ADJUVANTE PROTANK RESOLVE 1 KG | K33: KG | L33: 80 | M33: 83 | N33: SAFRA 25/26 | O33: 10 | P33: 0 | Q33: 10 | R33: =Q33*L33 -> 800 | T33: MARCELANDIA | U33: 78405963987 | V33: 80 | W33: 0
A34: 45848.59 | B34: 245 | C34: ADILSON FRANCISCO FISTAROL | D34: 45848 | E34: 46142 | F34: LUCAS NADAL ANGELI | G34: Sinop | H34: 510200 | I34: INOCULANTE LALFIX NITRO - 3 LT 1X10E10 UFC/ML | J34: Lallemand | K34: LT | L34: 36 | M34: 9 | N34: SAFRA 25/26 | O34: 1950 | P34: 0 | Q34: 1950 | R34: =Q34*L34 -> 70200 | T34: MARCELANDIA | U34: 32524897168 | V34: 36 | W34: 0
A35: 45848.59 | B35: 245 | C35: ADILSON FRANCISCO FISTAROL | D35: 45848 | E35: 46142 | F35: LUCAS NADAL ANGELI | G35: Sinop | H35: 510200 | I35: LALRISE AZOS - AZ39 3L | J35: Lallemand | K35: LT | L35: 40 | M35: 9 | N35: SAFRA 25/26 | O35: 1302 | P35: 0 | Q35: 1302 | R35: =Q35*L35 -> 52080 | T35: MARCELANDIA | U35: 32524897168 | V35: 40 | W35: 0
A36: 45848.59 | B36: 245 | C36: ADILSON FRANCISCO FISTAROL | D36: 45848 | E36: 46142 | F36: LUCAS NADAL ANGELI | G36: Sinop | H36: 510200 | I36: INOCULANTE STARFIX SOJA - 3 LT 1X10E10 UFC/ML | J36: Lallemand | K36: LT | L36: 36 | M36: 9 | N36: SAFRA 25/26 | O36: 1950 | P36: 0 | Q36: 1950 | R36: =Q36*L36 -> 70200 | T36: MARCELANDIA | U36: 32524897168 | V36: 36 | W36: 0
A37: 45848.59 | B37: 245 | C37: ADILSON FRANCISCO FISTAROL | D37: 45848 | E37: 46142 | F37: LUCAS NADAL ANGELI | G37: Sinop | H37: 510200 | I37: QUALITY WG - 1 KG | J37: Lallemand | K37: KG | L37: 360 | M37: 9 | N37: SAFRA 25/26 | O37: 650 | P37: 0 | Q37: 650 | R37: =Q37*L37 -> 234000 | T37: MARCELANDIA | U37: 32524897168 | V37: 360 | W37: 0
A38: 45848.59 | B38: 245 | C38: ADILSON FRANCISCO FISTAROL | D38: 45848 | E38: 46142 | F38: LUCAS NADAL ANGELI | H38: 510200 | I38: VERDIVO EXACT 5 LT | J38: Verdivo | K38: LT | L38: 65 | M38: 9 | N38: SAFRA 25/26 | O38: 1000 | P38: 0 | Q38: 1000 | R38: =Q38*L38 -> 65000 | T38: MARCELANDIA | U38: 32524897168 | V38: 65 | W38: 0
A39: 45848.59 | B39: 245 | C39: ADILSON FRANCISCO FISTAROL | D39: 45848 | E39: 46142 | F39: LUCAS NADAL ANGELI | G39: Sinop | H39: 510200 | I39: ONIX OG - 1 LT | J39: Lallemand | K39: LT | L39: 260 | M39: 9 | N39: SAFRA 25/26 | O39: 650 | P39: 0 | Q39: 650 | R39: =Q39*L39 -> 169000 | T39: MARCELANDIA | U39: 32524897168 | V39: 260 | W39: 0
A40: 45848.59 | B40: 245 | C40: ADILSON FRANCISCO FISTAROL | D40: 45848 | E40: 46142 | F40: LUCAS NADAL ANGELI | G40: Sinop | H40: 510200 | I40: RIZOS OG - 1 LT | J40: Lallemand | K40: LT | L40: 260 | M40: 9 | N40: SAFRA 25/26 | O40: 650 | P40: 0 | Q40: 650 | R40: =Q40*L40 -> 169000 | T40: MARCELANDIA | U40: 32524897168 | V40: 260 | W40: 0
A41: 45987.662 | B41: 427 | C41: ADILSON FRANCISCO FISTAROL | D41: 45987 | E41: 46325 | F41: LUCAS NADAL ANGELI | G41: Sinop | H41: 510200 | I41: RIZOS OG - 1 LT | J41: Lallemand | K41: LT | L41: 260 | M41: 184 | N41: SAFRINHA 2026 | O41: 765 | P41: 0 | Q41: 765 | R41: =Q41*L41 -> 198900 | T41: MARCELANDIA | U41: 32524897168 | V41: 260 | W41: 0
A42: 45987.662 | B42: 427 | C42: ADILSON FRANCISCO FISTAROL | D42: 45987 | E42: 46325 | F42: LUCAS NADAL ANGELI | G42: Sinop | H42: 510200 | I42: LALRISE AZOS - AZ39 3L | J42: Lallemand | K42: LT | L42: 40 | M42: 184 | N42: SAFRINHA 2026 | O42: 1032 | P42: 0 | Q42: 1032 | R42: =Q42*L42 -> 41280 | T42: MARCELANDIA | U42: 32524897168 | V42: 40 | W42: 0
A43: 45987.662 | B43: 427 | C43: ADILSON FRANCISCO FISTAROL | D43: 45987 | E43: 46325 | F43: LUCAS NADAL ANGELI | G43: Sinop | H43: 510200 | I43: QUALITY WG - 1 KG | J43: Lallemand | K43: KG | L43: 360 | M43: 184 | N43: SAFRINHA 2026 | O43: 250 | P43: 0 | Q43: 250 | R43: =Q43*L43 -> 90000 | T43: MARCELANDIA | U43: 32524897168 | V43: 360 | W43: 0
A44: 45987.662 | B44: 427 | C44: ADILSON FRANCISCO FISTAROL | D44: 45987 | E44: 46325 | F44: LUCAS NADAL ANGELI | G44: Sinop | H44: 510200 | I44: LALSTOP ORGANIC WP - 1 KG | J44: Lallemand | K44: KG | L44: 200 | M44: 184 | N44: SAFRINHA 2026 | O44: 424 | P44: 0 | Q44: 424 | R44: =Q44*L44 -> 84800 | T44: MARCELANDIA | U44: 32524897168 | V44: 200 | W44: 0
A45: 45987.662 | B45: 427 | C45: ADILSON FRANCISCO FISTAROL | D45: 45987 | E45: 46325 | F45: LUCAS NADAL ANGELI | H45: 510200 | I45: VERDIVO EXACT 5 LT | J45: Verdivo | K45: LT | L45: 65 | M45: 184 | N45: SAFRINHA 2026 | O45: 1000 | P45: 0 | Q45: 1000 | R45: =Q45*L45 -> 65000 | T45: MARCELANDIA | U45: 32524897168 | V45: 65 | W45: 0
A46: 45987.662 | B46: 427 | C46: ADILSON FRANCISCO FISTAROL | D46: 45987 | E46: 46325 | F46: LUCAS NADAL ANGELI | G46: Sinop | H46: 510200 | I46: ONIX OG - 1 LT | J46: Lallemand | K46: LT | L46: 260 | M46: 184 | N46: SAFRINHA 2026 | O46: 515 | P46: 0 | Q46: 515 | R46: =Q46*L46 -> 133900 | T46: MARCELANDIA | U46: 32524897168 | V46: 260 | W46: 0
A47: 46085.326 | B47: 567 | C47: ADILSON FRANCISCO FISTAROL | D47: 46085 | E47: 46325 | F47: LUCAS NADAL ANGELI | H47: 510200 | I47: VERDIVO EXACT 5 LT | J47: Verdivo | K47: LT | L47: 65 | M47: 488 | N47: SAFRINHA 2026 | O47: 3000 | P47: 1500 | Q47: 1500 | R47: =Q47*L47 -> 97500 | T47: MARCELANDIA | U47: 32524897168 | V47: 65 | W47: 0
A48: 46032.289 | B48: 490 | C48: AGENOR VICENTE PELISSA | D48: 46032 | E48: 46295 | F48: CARLOS WILSON FERREIRA ALVES | G48: Sinop | H48: 510200 | I48: LALSTOP ORGANIC WP - 1 KG | J48: Lallemand | K48: KG | L48: 175 | M48: 132 | N48: SAFRINHA 2026 | O48: 190 | P48: 0 | Q48: 190 | R48: =Q48*L48 -> 33250 | T48: SANTA CARMEM | U48: 61472140982 | V48: 175 | W48: 0
A49: 46032.291 | B49: 491 | C49: AGENOR VICENTE PELISSA | D49: 46032 | E49: 46295 | F49: CARLOS WILSON FERREIRA ALVES | G49: Sinop | H49: 510200 | I49: LALSTOP ORGANIC WP - 1 KG | J49: Lallemand | K49: KG | L49: 175 | M49: 133 | N49: SAFRINHA 2026 | O49: 620 | P49: 0 | Q49: 620 | R49: =Q49*L49 -> 108500 | T49: UNIAO DO SUL | U49: 61472140982 | V49: 175 | W49: 0
A50: 46038.723 | B50: 503 | C50: AGENOR VICENTE PELISSA | D50: 46038 | E50: 46295 | F50: CARLOS WILSON FERREIRA ALVES | H50: 510200 | I50: VERDIVO ELYSIAN 1 LT | J50: Verdivo | K50: LT | L50: 975 | M50: 141 | N50: SAFRINHA 2026 | O50: 56 | P50: 0 | Q50: 56 | R50: =Q50*L50 -> 54600 | T50: SANTA CARMEM | U50: 61472140982 | V50: 975 | W50: 0
A51: 46038.723 | B51: 503 | C51: AGENOR VICENTE PELISSA | D51: 46038 | E51: 46295 | F51: CARLOS WILSON FERREIRA ALVES | G51: Sinop | H51: 510200 | I51: RIZOS OG - 1 LT | J51: Lallemand | K51: LT | L51: 300 | M51: 141 | N51: SAFRINHA 2026 | O51: 84 | P51: 0 | Q51: 84 | R51: =Q51*L51 -> 25200 | T51: SANTA CARMEM | U51: 61472140982 | V51: 300 | W51: 0
A52: 46038.723 | B52: 503 | C52: AGENOR VICENTE PELISSA | D52: 46038 | E52: 46295 | F52: CARLOS WILSON FERREIRA ALVES | G52: Sinop | H52: 510200 | I52: ONIX OG - 1 LT | J52: Lallemand | K52: LT | L52: 300 | M52: 141 | N52: SAFRINHA 2026 | O52: 84 | P52: 0 | Q52: 84 | R52: =Q52*L52 -> 25200 | T52: SANTA CARMEM | U52: 61472140982 | V52: 300 | W52: 0
A53: 46038.724 | B53: 504 | C53: AGENOR VICENTE PELISSA | D53: 46038 | E53: 46295 | F53: CARLOS WILSON FERREIRA ALVES | G53: Sinop | H53: 510200 | I53: ONIX OG - 1 LT | J53: Lallemand | K53: LT | L53: 300 | M53: 142 | N53: SAFRINHA 2026 | O53: 156 | P53: 0 | Q53: 156 | R53: =Q53*L53 -> 46800 | T53: UNIAO DO SUL | U53: 61472140982 | V53: 300 | W53: 0
A54: 46038.724 | B54: 504 | C54: AGENOR VICENTE PELISSA | D54: 46038 | E54: 46295 | F54: CARLOS WILSON FERREIRA ALVES | H54: 510200 | I54: VERDIVO ELYSIAN 1 LT | J54: Verdivo | K54: LT | L54: 975 | M54: 142 | N54: SAFRINHA 2026 | O54: 104 | P54: 0 | Q54: 104 | R54: =Q54*L54 -> 101400 | T54: UNIAO DO SUL | U54: 61472140982 | V54: 975 | W54: 0
A55: 46038.724 | B55: 504 | C55: AGENOR VICENTE PELISSA | D55: 46038 | E55: 46295 | F55: CARLOS WILSON FERREIRA ALVES | G55: Sinop | H55: 510200 | I55: RIZOS OG - 1 LT | J55: Lallemand | K55: LT | L55: 300 | M55: 142 | N55: SAFRINHA 2026 | O55: 156 | P55: 0 | Q55: 156 | R55: =Q55*L55 -> 46800 | T55: UNIAO DO SUL | U55: 61472140982 | V55: 300 | W55: 0
A56: 46062.767 | B56: 540 | C56: AGENOR VICENTE PELISSA | D56: 46062 | E56: 46295 | F56: CARLOS WILSON FERREIRA ALVES | G56: Sinop | H56: 510200 | I56: CRYSTAL - 1 LT | J56: Lallemand | K56: LT | L56: 35 | M56: 437 | N56: SAFRINHA 2026 | O56: 450 | P56: 0 | Q56: 450 | R56: =Q56*L56 -> 15750 | T56: SANTA CARMEM | U56: 61472140982 | V56: 35 | W56: 0
A57: 46070.313 | B57: 550 | C57: AGENOR VICENTE PELISSA | D57: 46070 | E57: 46295 | F57: CARLOS WILSON FERREIRA ALVES | G57: Sinop | H57: 510200 | I57: LALSTOP ORGANIC WP - 1 KG | J57: Lallemand | K57: KG | L57: 175 | M57: 383 | N57: SAFRINHA 2026 | O57: 42 | P57: 0 | Q57: 42 | R57: =Q57*L57 -> 7350 | T57: SANTA CARMEM | U57: 61472140982 | V57: 175 | W57: 0
A58: 45918.323 | B58: 4052 | C58: AGNALDO JOSE SANTANA | D58: 45918 | E58: 45918 | F58: VENDEDOR - LOJA SRS | H58: 510200 | I58: COUNTER - 15 KG | K58: KG | L58: 36 | M58: 5622 | N58: SAFRA 25/26 | O58: 105 | P58: 0 | Q58: 105 | R58: =Q58*L58 -> 3780 | T58: TERRA NOVA DO NORTE | U58: 57663246934 | V58: 36 | W58: 0
A59: 46013.741 | B59: 4375 | C59: AGRO PECUARIA TIJUCO PRETO LTDA | D59: 46013 | E59: 46037 | F59: PEDRO DIAS DA SILVA NETO | H59: 510200 | I59: VERDIVO POTENZA K 10 KG | J59: Verdivo | K59: KG | L59: 23.5 | M59: 5931 | N59: SAFRA 25/26 | O59: 980 | P59: 0 | Q59: 980 | R59: =Q59*L59 -> 23030 | T59: NOVA UBIRATA | U59: 24725368000185 | V59: 23.5 | W59: 0
A60: 45957.44 | B60: 4210 | C60: AGROGERMINAR SOLUCOES AGRICOLAS LTDA | D60: 45957 | E60: 46142 | F60: VENDEDOR - LOJA SRS | H60: 510200 | I60: FORTGREEN FG PRODUCAO MAIS 10 KG | K60: KG | L60: 15 | M60: 5760 | N60: SAFRA 25/26 | O60: 3270 | P60: 0 | Q60: 3270 | R60: =Q60*L60 -> 49050 | U60: 41885372000120 | V60: 15 | W60: 0
A61: 45978.46 | B61: 4275 | C61: AGROGERMINAR SOLUCOES AGRICOLAS LTDA | D61: 45978 | E61: 46111 | F61: VENDEDOR - LOJA SRS | G61: Sorriso | H61: 510200 | I61: LALGUARD C99 WP (BR) - 1 KG | J61: Lallemand | K61: KG | L61: 270 | M61: 5818 | N61: SAFRA 25/26 | O61: 185 | P61: 0 | Q61: 185 | R61: =Q61*L61 -> 49950 | U61: 41885372000120 | V61: 270 | W61: 0
A62: 46014.59 | B62: 4377 | C62: AGROGERMINAR SOLUCOES AGRICOLAS LTDA | D62: 46014 | E62: 46015 | F62: VENDEDOR - LOJA SRS | H62: 510200 | I62: COUNTER - 15 KG | K62: KG | L62: 27.016885 | M62: 5912 | N62: SAFRA 25/26 | O62: 7995 | P62: 0 | Q62: 7995 | R62: =Q62*L62 -> 216000 | U62: 41885372000120 | V62: 27.016885 | W62: 0
A63: 46029.373 | B63: 4413 | C63: AGROGERMINAR SOLUCOES AGRICOLAS LTDA | D63: 46029 | E63: 46142 | F63: VENDEDOR - LOJA SRS | H63: 510200 | I63: COUNTER - 15 KG | K63: KG | L63: 26.368421 | M63: 5925 | N63: SAFRA 25/26 | O63: 285 | P63: 0 | Q63: 285 | R63: =Q63*L63 -> 7515 | U63: 41885372000120 | V63: 26.368421 | W63: 0
A64: 46029.373 | B64: 4413 | C64: AGROGERMINAR SOLUCOES AGRICOLAS LTDA | D64: 46029 | E64: 46142 | F64: VENDEDOR - LOJA SRS | H64: 510200 | I64: FORTGREEN LI700 5 LT | K64: LT | L64: 51.153846 | M64: 5925 | N64: SAFRA 25/26 | O64: 260 | P64: 0 | Q64: 260 | R64: =Q64*L64 -> 13300 | U64: 41885372000120 | V64: 51.153846 | W64: 0
A65: 45946.332 | B65: 4167 | C65: AGROPECUARIA GUBERT LTDA | D65: 45946 | E65: 46111 | F65: DIOGO PEREIRA SILVA | G65: Sorriso | H65: 510200 | I65: ONIX OG - 1 LT | J65: Lallemand | K65: LT | L65: 340 | M65: 5684 | N65: SAFRA 25/26 | O65: 2 | P65: 0 | Q65: 2 | R65: =Q65*L65 -> 680 | T65: NOVA UBIRATA | U65: 46697506000283 | V65: 340 | W65: 0
A66: 45946.332 | B66: 4167 | C66: AGROPECUARIA GUBERT LTDA | D66: 45946 | E66: 46111 | F66: DIOGO PEREIRA SILVA | G66: Sorriso | H66: 510200 | I66: INOCULANTE STARFIX SOJA - 3 LT 1X10E10 UFC/ML | J66: Lallemand | K66: LT | L66: 52 | M66: 5684 | N66: SAFRA 25/26 | O66: 3 | P66: 0 | Q66: 3 | R66: =Q66*L66 -> 156 | T66: NOVA UBIRATA | U66: 46697506000283 | V66: 52 | W66: 0
A67: 45946.332 | B67: 4167 | C67: AGROPECUARIA GUBERT LTDA | D67: 45946 | E67: 46111 | F67: DIOGO PEREIRA SILVA | G67: Sorriso | H67: 510200 | I67: LALSTOP ORGANIC WP - 1 KG | J67: Lallemand | K67: KG | L67: 220 | M67: 5684 | N67: SAFRA 25/26 | O67: 2 | P67: 0 | Q67: 2 | R67: =Q67*L67 -> 440 | T67: NOVA UBIRATA | U67: 46697506000283 | V67: 220 | W67: 0
A68: 45946.332 | B68: 4167 | C68: AGROPECUARIA GUBERT LTDA | D68: 45946 | E68: 46111 | F68: DIOGO PEREIRA SILVA | G68: Sorriso | H68: 510200 | I68: LALRISE AZOS - AZ39 3L | J68: Lallemand | K68: LT | L68: 55 | M68: 5684 | N68: SAFRA 25/26 | O68: 3 | P68: 0 | Q68: 3 | R68: =Q68*L68 -> 165 | T68: NOVA UBIRATA | U68: 46697506000283 | V68: 55 | W68: 0
A69: 45946.332 | B69: 4167 | C69: AGROPECUARIA GUBERT LTDA | D69: 45946 | E69: 46111 | F69: DIOGO PEREIRA SILVA | G69: Sorriso | H69: 510200 | I69: LALNIX RESIST - 1 KG | J69: Lallemand | K69: KG | L69: 550 | M69: 5684 | N69: SAFRA 25/26 | O69: 1 | P69: 0 | Q69: 1 | R69: =Q69*L69 -> 550 | T69: NOVA UBIRATA | U69: 46697506000283 | V69: 550 | W69: 0
A70: 45953.366 | B70: 4202 | C70: AGROPECUARIA GUBERT LTDA | D70: 45953 | E70: 46111 | F70: DIOGO PEREIRA SILVA | G70: Sorriso | H70: 510200 | I70: INOCULANTE STARFIX SOJA - 3 LT 1X10E10 UFC/ML | J70: Lallemand | K70: LT | L70: 50 | M70: 5757 | N70: SAFRA 25/26 | O70: 51 | P70: 0 | Q70: 51 | R70: =Q70*L70 -> 2550 | T70: NOVA UBIRATA | U70: 46697506000283 | V70: 50 | W70: 0
A71: 45953.366 | B71: 4202 | C71: AGROPECUARIA GUBERT LTDA | D71: 45953 | E71: 46111 | F71: DIOGO PEREIRA SILVA | G71: Sorriso | H71: 510200 | I71: LALRISE AZOS - AZ39 3L | J71: Lallemand | K71: LT | L71: 50 | M71: 5757 | N71: SAFRA 25/26 | O71: 12 | P71: 0 | Q71: 12 | R71: =Q71*L71 -> 600 | T71: NOVA UBIRATA | U71: 46697506000283 | V71: 50 | W71: 0
A72: 45954.672 | B72: 4208 | C72: AGROPECUARIA GUBERT LTDA | D72: 45954 | E72: 46264 | F72: ISABELA DALL APRIA | H72: 510200 | I72: CALTIMAG+SB CALTIM | K72: TON | L72: 1450 | M72: 5771 | N72: SAFRA 25/26 | O72: 4 | P72: 0 | Q72: 4 | R72: =Q72*L72 -> 5800 | T72: NOVA UBIRATA | U72: 46697506000283 | V72: 1450 | W72: 0
A73: 46007.618 | B73: 4361 | C73: AGROPECUARIA GUBERT LTDA | D73: 46007 | E73: 46264 | F73: ISABELA DALL APRIA | H73: 510200 | I73: BOUVERIZ WP - 1 KG | K73: KG | L73: 6000 | M73: 5705 | N73: SAFRA 25/26 | O73: 5 | P73: 0 | Q73: 5 | R73: =Q73*L73 -> 30000 | T73: NOVA UBIRATA | U73: 46697506000283 | V73: 6000 | W73: 0
A74: 46078.326 | B74: 4608 | C74: AGROPECUARIA GUBERT LTDA | D74: 46078 | E74: 46264 | F74: DIOGO PEREIRA SILVA | H74: 510200 | I74: VOLANT Q-LATOP ZN 25 KG | J74: Verdivo | K74: KG | L74: 36 | M74: 6126 | N74: SAFRINHA 2026 | O74: 100 | P74: 0 | Q74: 100 | R74: =Q74*L74 -> 3600 | T74: NOVA UBIRATA | U74: 46697506000283 | V74: 36 | W74: 0
A75: 46078.326 | B75: 4608 | C75: AGROPECUARIA GUBERT LTDA | D75: 46078 | E75: 46264 | F75: DIOGO PEREIRA SILVA | H75: 510200 | I75: VERDIVO EXACT 5 LT | J75: Verdivo | K75: LT | L75: 69 | M75: 6126 | N75: SAFRINHA 2026 | O75: 120 | P75: 0 | Q75: 120 | R75: =Q75*L75 -> 8280 | T75: NOVA UBIRATA | U75: 46697506000283 | V75: 69 | W75: 0
A76: 45862.343 | B76: 3943 | C76: ALAN MATEUS FAITA WELTER | D76: 45862 | E76: 46111 | F76: HIGOR RICARDO GONCALVES | G76: Sorriso | H76: 510200 | I76: LALSTOP ORGANIC WP - 1 KG | J76: Lallemand | K76: KG | L76: 213 | M76: 5440 | N76: SAFRA 25/26 | O76: 23 | P76: 0 | Q76: 23 | R76: =Q76*L76 -> 4899 | T76: SANTA CARMEM | U76: 03565667141 | V76: 213 | W76: 0
A77: 45862.343 | B77: 3943 | C77: ALAN MATEUS FAITA WELTER | D77: 45862 | E77: 46111 | F77: HIGOR RICARDO GONCALVES | G77: Sorriso | H77: 510200 | I77: RIZOS OG - 1 LT | J77: Lallemand | K77: LT | L77: 355 | M77: 5440 | N77: SAFRA 25/26 | O77: 7 | P77: 0 | Q77: 7 | R77: =Q77*L77 -> 2485 | T77: SANTA CARMEM | U77: 03565667141 | V77: 355 | W77: 0
A78: 45862.343 | B78: 3943 | C78: ALAN MATEUS FAITA WELTER | D78: 45862 | E78: 46111 | F78: HIGOR RICARDO GONCALVES | G78: Sorriso | H78: 510200 | I78: ONIX OG - 1 LT | J78: Lallemand | K78: LT | L78: 370 | M78: 5440 | N78: SAFRA 25/26 | O78: 7 | P78: 0 | Q78: 7 | R78: =Q78*L78 -> 2590 | T78: SANTA CARMEM | U78: 03565667141 | V78: 370 | W78: 0
A79: 45924.319 | B79: 4083 | C79: ALBINO PERIN | D79: 45924 | E79: 46111 | F79: LUCAS NADAL ANGELI | G79: Sinop | H79: 510200 | I79: INOCULANTE STARFIX SOJA - 3 LT 1X10E10 UFC/ML | J79: Lallemand | K79: LT | L79: 47 | M79: 5627 | N79: SAFRA 25/26 | O79: 102 | P79: 0 | Q79: 102 | R79: =Q79*L79 -> 4794 | T79: VERA | U79: 14201720934 | V79: 47 | W79: 0
A80: 45894.443 | B80: 3994 | C80: ALDERICO POLITTA E OUTRA | D80: 45894 | E80: 46111 | F80: VENDEDOR - LOJA SRS | H80: 510200 | I80: FORTGREEN MN STABILE 25 LT | K80: LT | L80: 11 | M80: 5557 | N80: SAFRA 25/26 | O80: 900 | P80: 0 | Q80: 900 | R80: =Q80*L80 -> 9900 | T80: NOVA UBIRATA | U80: 78709776915 | V80: 11 | W80: 0
A81: 45777.34 | B81: 209 | C81: ALERI LUIZ CANAN | D81: 45777 | E81: 46264 | F81: CARLOS WILSON FERREIRA ALVES | G81: Sinop | H81: 510200 | I81: LALSTOP ORGANIC WP - 1 KG | J81: Lallemand | K81: KG | L81: 189 | M81: 4875 | N81: SAFRINHA 2026 | O81: 70 | P81: 0 | Q81: 70 | R81: =Q81*L81 -> 13230 | T81: SINOP | U81: 43526640068 | V81: 189 | W81: 0
A82: 45777.34 | B82: 209 | C82: ALERI LUIZ CANAN | D82: 45777 | E82: 46264 | F82: CARLOS WILSON FERREIRA ALVES | G82: Sinop | H82: 510200 | I82: LALRISE AZOS - AZ39 3L | J82: Lallemand | K82: LT | L82: 45 | M82: 4875 | N82: SAFRINHA 2026 | O82: 114 | P82: 0 | Q82: 114 | R82: =Q82*L82 -> 5130 | T82: SINOP | U82: 43526640068 | V82: 45 | W82: 0
A83: 45777.342 | B83: 210 | C83: ALERI LUIZ CANAN | D83: 45777 | E83: 46111 | F83: CARLOS WILSON FERREIRA ALVES | G83: Sinop | H83: 510200 | I83: LALSTOP ORGANIC WP - 1 KG | J83: Lallemand | K83: KG | L83: 189 | M83: 4874 | N83: SAFRA 25/26 | O83: 70 | P83: 0 | Q83: 70 | R83: =Q83*L83 -> 13230 | T83: SINOP | U83: 43526640068 | V83: 189 | W83: 0
A84: 45817.426 | B84: 227 | C84: ALERI LUIZ CANAN | D84: 45817 | E84: 46264 | F84: CARLOS WILSON FERREIRA ALVES | G84: Sinop | H84: 510200 | I84: LALSTOP ORGANIC WP - 1 KG | J84: Lallemand | K84: KG | L84: 189 | M84: 5164 | N84: SAFRINHA 2026 | O84: 22 | P84: 0 | Q84: 22 | R84: =Q84*L84 -> 4158 | T84: SINOP | U84: 43526640068 | V84: 189 | W84: 0
A85: 45817.43 | B85: 228 | C85: ALERI LUIZ CANAN | D85: 45817 | E85: 46111 | F85: CARLOS WILSON FERREIRA ALVES | G85: Sinop | H85: 510200 | I85: LALSTOP ORGANIC WP - 1 KG | J85: Lallemand | K85: KG | L85: 189 | M85: 5163 | N85: SAFRA 25/26 | O85: 22 | P85: 0 | Q85: 22 | R85: =Q85*L85 -> 4158 | T85: SINOP | U85: 43526640068 | V85: 189 | W85: 0
A86: 45817.43 | B86: 228 | C86: ALERI LUIZ CANAN | D86: 45817 | E86: 46111 | F86: CARLOS WILSON FERREIRA ALVES | G86: Sinop | H86: 510200 | I86: ONIX OG - 1 LT | J86: Lallemand | K86: LT | L86: 355 | M86: 5163 | N86: SAFRA 25/26 | O86: 3 | P86: 0 | Q86: 3 | R86: =Q86*L86 -> 1065 | T86: SINOP | U86: 43526640068 | V86: 355 | W86: 0
A87: 45817.43 | B87: 228 | C87: ALERI LUIZ CANAN | D87: 45817 | E87: 46111 | F87: CARLOS WILSON FERREIRA ALVES | G87: Sinop | H87: 510200 | I87: RIZOS OG - 1 LT | J87: Lallemand | K87: LT | L87: 355 | M87: 5163 | N87: SAFRA 25/26 | O87: 3 | P87: 0 | Q87: 3 | R87: =Q87*L87 -> 1065 | T87: SINOP | U87: 43526640068 | V87: 355 | W87: 0
A88: 45966.332 | B88: 396 | C88: ALERI LUIZ CANAN | D88: 45966 | E88: 46142 | F88: CARLOS WILSON FERREIRA ALVES | H88: 510200 | I88: FORTGREEN TOP ZERO 1 LT | K88: LT | L88: 200 | N88: SAFRA 25/26 | O88: 4 | P88: 0 | Q88: 4 | R88: =Q88*L88 -> 800 | T88: SINOP | U88: 43526640068 | V88: 200 | W88: 0
A89: 45966.332 | B89: 396 | C89: ALERI LUIZ CANAN | D89: 45966 | E89: 46142 | F89: CARLOS WILSON FERREIRA ALVES | H89: 510200 | I89: VERDIVO OFF ESPUMA 1 LT | J89: Verdivo | K89: LT | L89: 200 | N89: SAFRA 25/26 | O89: 4 | P89: 0 | Q89: 4 | R89: =Q89*L89 -> 800 | T89: SINOP | U89: 43526640068 | V89: 200 | W89: 0
A90: 45971.415 | B90: 405 | C90: ALERI LUIZ CANAN | D90: 45971 | E90: 45971 | F90: CARLOS WILSON FERREIRA ALVES | H90: 510200 | I90: VERDIVO OFF ESPUMA 1 LT | J90: Verdivo | K90: LT | L90: 180 | M90: 151 | N90: SAFRA 25/26 | O90: 12 | P90: 0 | Q90: 12 | R90: =Q90*L90 -> 2160 | T90: SINOP | U90: 43526640068 | V90: 180 | W90: 0
A91: 45898.679 | B91: 277 | C91: ALEX DA VEIGA | D91: 45898 | E91: 46111 | F91: CARLOS WILSON FERREIRA ALVES | H91: 510200 | I91: CALTIMAG+B CALTIM | K91: TON | L91: 1320 | M91: 5147 | N91: SAFRA 25/26 | O91: 38 | P91: 0 | Q91: 38 | R91: =Q91*L91 -> 50160 | T91: CLAUDIA | U91: 87072300104 | V91: 1320 | W91: 0
A92: 45925.594 | B92: 4092 | C92: ALEXANDRE EDUARDO KASPER E OUTRO | D92: 45925 | E92: 45925 | F92: VENDEDOR - LOJA SRS | H92: 510200 | I92: COUNTER - 15 KG | K92: KG | L92: 36 | M92: 5631 | N92: SAFRA 25/26 | O92: 60 | P92: 0 | Q92: 60 | R92: =Q92*L92 -> 2160 | T92: MATUPA | U92: 07239968901 | V92: 36 | W92: 0
A93: 45964.355 | B93: 4230 | C93: ALEXANDRE GAZIERO | D93: 45873 | E93: 46111 | F93: ARI BITTAR | H93: 510200 | I93: VERDIVO EXACT 5 LT | J93: Verdivo | K93: LT | L93: 69 | M93: 5767 | N93: SAFRA 25/26 | O93: 40 | P93: 0 | Q93: 40 | R93: =Q93*L93 -> 2760 | T93: IPIRANGA DO NORTE | U93: 97186384153 | V93: 69 | W93: 0
A94: 45880.683 | B94: 3977 | C94: ALEXANDRE GAZIERO | D94: 45880 | E94: 46111 | F94: ARI BITTAR | H94: 510200 | I94: ADJUVANTE PROTANK RESOLVE 1 KG | K94: KG | L94: 130 | M94: 3999 | N94: SAFRA 25/26 | O94: 3 | P94: 0 | Q94: 3 | R94: =Q94*L94 -> 390 | T94: IPIRANGA DO NORTE | U94: 97186384153 | V94: 130 | W94: 0
A95: 45880.683 | B95: 3977 | C95: ALEXANDRE GAZIERO | D95: 45880 | E95: 46111 | F95: ARI BITTAR | H95: 510200 | I95: FORTGREEN INVICTUS 1 LT | K95: LT | L95: 130 | M95: 3999 | N95: SAFRA 25/26 | O95: 5 | P95: 0 | Q95: 5 | R95: =Q95*L95 -> 650 | T95: IPIRANGA DO NORTE | U95: 97186384153 | V95: 130 | W95: 0
A96: 45880.683 | B96: 3977 | C96: ALEXANDRE GAZIERO | D96: 45880 | E96: 46111 | F96: ARI BITTAR | H96: 510200 | I96: VERDIVO DROP GUARD 5L | J96: Verdivo | K96: LT | L96: 75 | M96: 3999 | N96: SAFRA 25/26 | O96: 5 | P96: 0 | Q96: 5 | R96: =Q96*L96 -> 375 | T96: IPIRANGA DO NORTE | U96: 97186384153 | V96: 75 | W96: 0
A97: 45862.33 | B97: 3939 | C97: ALEXANDRE LAIER | D97: 45852 | E97: 46264 | F97: HIGOR RICARDO GONCALVES | G97: Sorriso | H97: 510200 | I97: RIZOS OG - 1 LT | J97: Lallemand | K97: LT | L97: 360 | M97: 5435 | N97: SAFRINHA 2026 | O97: 32 | P97: 0 | Q97: 32 | R97: =Q97*L97 -> 11520 | T97: SORRISO | U97: 88483800187 | V97: 360 | W97: 0
A98: 45862.33 | B98: 3939 | C98: ALEXANDRE LAIER | D98: 45852 | E98: 46264 | F98: HIGOR RICARDO GONCALVES | G98: Sorriso | H98: 510200 | I98: LALRISE AZOS - AZ39 3L | J98: Lallemand | K98: LT | L98: 52 | M98: 5435 | N98: SAFRINHA 2026 | O98: 63 | P98: 0 | Q98: 63 | R98: =Q98*L98 -> 3276 | T98: SORRISO | U98: 88483800187 | V98: 52 | W98: 0
A99: 45862.33 | B99: 3939 | C99: ALEXANDRE LAIER | D99: 45852 | E99: 46264 | F99: HIGOR RICARDO GONCALVES | G99: Sorriso | H99: 510200 | I99: LALSTOP ORGANIC WP - 1 KG | J99: Lallemand | K99: KG | L99: 200 | M99: 5435 | N99: SAFRINHA 2026 | O99: 62 | P99: 0 | Q99: 62 | R99: =Q99*L99 -> 12400 | T99: SORRISO | U99: 88483800187 | V99: 200 | W99: 0
A100: 45862.33 | B100: 3939 | C100: ALEXANDRE LAIER | D100: 45852 | E100: 46264 | F100: HIGOR RICARDO GONCALVES | G100: Sorriso | H100: 510200 | I100: ONIX OG - 1 LT | J100: Lallemand | K100: LT | L100: 370 | M100: 5435 | N100: SAFRINHA 2026 | O100: 32 | P100: 0 | Q100: 32 | R100: =Q100*L100 -> 11840 | T100: SORRISO | U100: 88483800187 | V100: 370 | W100: 0
...
